<?xml version="1.0" encoding="UTF-8"?>
<project-private xmlns="http://www.netbeans.org/ns/project-private/1">
    <editor-bookmarks xmlns="http://www.netbeans.org/ns/editor-bookmarks/2" lastBookmarkId="0"/>
    <open-files xmlns="http://www.netbeans.org/ns/projectui-open-files/2">
        <group>
            <file>file:/C:/Cursos/ProgramacionJava/Leccion24/CPJLaboratorioFinal/src/mx/com/gm/peliculas/domain/Pelicula.java</file>
            <file>file:/C:/Cursos/ProgramacionJava/Leccion24/CPJLaboratorioFinal/src/cpjlaboratoriofinal/CPJLaboratorioFinal.java</file>
            <file>file:/C:/Cursos/ProgramacionJava/Leccion24/CPJLaboratorioFinal/src/mx/com/gm/peliculas/datos/AccesoDatos.java</file>
            <file>file:/C:/Cursos/ProgramacionJava/Leccion24/CPJLaboratorioFinal/src/mx/com/gm/peliculas/datos/AccesoDatosImpl.java</file>
            <file>file:/C:/Cursos/ProgramacionJava/Leccion24/CPJLaboratorioFinal/src/mx/com/gm/peliculas/negocio/CatalogoPeliculas.java</file>
        </group>
    </open-files>
</project-private>
