<?xml version="1.0" encoding="UTF-8" ?>
<!DOCTYPE tiles-definitions PUBLIC
        "-//Apache Software Foundation//DTD Tiles Configuration 3.0//EN"
        "http://tiles.apache.org/dtds/tiles-config_3_0.dtd">

<tiles-definitions>

    <definition name="layout" template="/WEB-INF/content/layout.jsp">
        <put-attribute name="title"   value="Template"/>
        <put-attribute name="header"  value="/WEB-INF/content/header.jsp"/>
        <put-attribute name="menu"    value="/WEB-INF/content/menu.jsp"/>
        <put-attribute name="body"    value="/WEB-INF/content/body.jsp"/>
        <put-attribute name="footer"  value="/WEB-INF/content/footer.jsp"/>
    </definition>
  
    <definition name="welcomeTile" extends="layout">
        <put-attribute name="title"   value="Welcome"/>
        <put-attribute name="body"    value="/WEB-INF/content/welcome.jsp"/>      
    </definition>
  
    <definition name="peopleTile"  extends="layout">
        <put-attribute name="title"  value="People"/>
        <put-attribute name="body"   value="/WEB-INF/content/people.jsp"/>      
    </definition>
  
</tiles-definitions>
