<?xml version="1.0" encoding="UTF-8"?>
<project-private xmlns="http://www.netbeans.org/ns/project-private/1">
    <editor-bookmarks xmlns="http://www.netbeans.org/ns/editor-bookmarks/2" lastBookmarkId="0"/>
    <open-files xmlns="http://www.netbeans.org/ns/projectui-open-files/2">
        <group>
            <file>file:/C:/Courses/JavaFundamentals/Lesson27/PCWorld/src/com/gm/pcworld/Display.java</file>
            <file>file:/C:/Courses/JavaFundamentals/Lesson27/PCWorld/src/test/PcWorld.java</file>
            <file>file:/C:/Courses/JavaFundamentals/Lesson27/PCWorld/src/com/gm/pcworld/Order.java</file>
            <file>file:/C:/Courses/JavaFundamentals/Lesson27/PCWorld/src/com/gm/pcworld/Mouse.java</file>
            <file>file:/C:/Courses/JavaFundamentals/Lesson27/PCWorld/src/com/gm/pcworld/InputDevice.java</file>
            <file>file:/C:/Courses/JavaFundamentals/Lesson27/PCWorld/src/com/gm/pcworld/PC.java</file>
            <file>file:/C:/Courses/JavaFundamentals/Lesson27/PCWorld/src/com/gm/pcworld/Keyboard.java</file>
        </group>
    </open-files>
</project-private>
