<?xml version="1.0" encoding="UTF-8"?>
<Configuration status="info">
    <Appenders>
        <Console name="Console" target="SYSTEM_OUT">
            <PatternLayout pattern="%d{HH:mm:ss} [%t] %-5level %logger{36} - %msg%n" />
        </Console>
    </Appenders>
    <Loggers>
        <logger name="org.springframework.jdbc.core" level="info" additivity="false">
            <appender-ref ref="Console" />
        </logger>
         <logger name="org.springframework.transaction" level="info" additivity="false">
            <appender-ref ref="Console" />
        </logger>
        <Root level="info">
            <AppenderRef ref="Console" />
        </Root>
    </Loggers>
</Configuration>
