<?xml version="1.0" encoding="UTF-8"?>
<!DOCTYPE struts PUBLIC
    "-//Apache Software Foundation//DTD Struts Configuration 2.5//EN"
    "http://struts.apache.org/dtds/struts-2.5.dtd">
<struts>

    <constant name="struts.devMode" value="true" />

    <package name="default" extends="struts-default">
        <!--path /login without specifying a class of type Action, only a result-->
        <action name="login">
            <result>/WEB-INF/content/login.jsp</result>
        </action>
        <!--Action with two possible results, one of a successful type,
        and another a redirect to the newly defined login action-->
        <action name="validateUser" class="web.actions.LoginAction">
            <result name="success">/WEB-INF/content/welcome.jsp</result>
            <result name="input" type="redirectAction">login</result>
        </action>
    </package>
   
</struts>
