<?xml version = "1.0" encoding = "UTF-8"?>
<beans xmlns = "http://www.springframework.org/schema/beans"
       xmlns:xsi = "http://www.w3.org/2001/XMLSchema-instance"
       xsi:schemaLocation = "http://www.springframework.org/schema/beans
        http://www.springframework.org/schema/beans/spring-beans.xsd
        http://www.springframework.org/schema/context
        http://www.springframework.org/schema/context/spring-context.xsd">

    <!--  Equivalent code in Java:
    Juggler juggler = new Juggler(10); -->
    <bean id="juggler" class="competitors.Juggler" >
        <constructor-arg value="10" />
    </bean>   

    <bean id="reciter" class="competitors.Sonnet" />
	
    <bean id="jugglerReciter" class="competitors.JugglerReciter">
        <constructor-arg value="15" />
        <constructor-arg ref="reciter" />
    </bean>

    <!-- Musician Code -->
    <bean id="piano" class="competitors.Piano"/>
	
    <bean id="pianist" class="competitors.Musician">
        <property name="song" value="Silent Night"/>
        <property name="instrument" ref="piano"></property>
    </bean>
	
    <!-- change of instrument -->
    <bean id="saxophonist" class="competitors.Musician">
        <property name="song" value="Equinox"/>
        <!-- inner bean -->
        <property name="instrument">
            <bean class="competitors.Saxophone"/>
        </property>
    </bean>

</beans>
