<?xml version = "1.0" encoding = "UTF-8"?>
<beans xmlns = "http://www.springframework.org/schema/beans"
       xmlns:xsi = "http://www.w3.org/2001/XMLSchema-instance"
       xsi:schemaLocation = "http://www.springframework.org/schema/beans
        http://www.springframework.org/schema/beans/spring-beans.xsd
        http://www.springframework.org/schema/context
        http://www.springframework.org/schema/context/spring-context.xsd">
    <!-- we define at the beginning the less dependent beans-->
    <!-- Equivalent to the Java code: 
        EnglishInterpreter englishInterpreter = new EnglishInterpreter(); 
    -->
    <bean id="englishInterpreter" class="beans.EnglishInterpreter"/>
    <bean id="spanishInterpreter" class="beans.SpanishInterpreter"/>
    
    <bean id="englishTranslator" class="beans.Translator">
          <!-- equivalent to: translator.setInterprete (englishInterpreter); -->
        <property name="interpreter" ref="englishInterpreter"/>
        <property name="name" value="Charly" />
    </bean>

    <!-- we define the most dependent beans at the end -->
    <bean id="spanishTranslator" class="beans.Translator">
        <!-- We can add a different interpreter to the translator class 
        because we use an interface type Interpreter  -->
        <property name="interpreter" ref="spanishInterpreter"/>
        <!-- equivalent to: translator.setName ("Juan"); -->
        <property name="name" value="Juan"/>
    </bean>
  
</beans>
