<?xml version = "1.0" encoding = "UTF-8"?>
<beans xmlns = "http://www.springframework.org/schema/beans"
       xmlns:xsi = "http://www.w3.org/2001/XMLSchema-instance"
       xmlns:context="http://www.springframework.org/schema/context"
       xmlns:aop="http://www.springframework.org/schema/aop"
       xsi:schemaLocation = 
       "http://www.springframework.org/schema/beans
        http://www.springframework.org/schema/beans/spring-beans.xsd
        http://www.springframework.org/schema/context
        http://www.springframework.org/schema/context/spring-context.xsd
        http://www.springframework.org/schema/aop 
        http://www.springframework.org/schema/aop/spring-aop.xsd">

    
    <context:component-scan base-package="competitors" />
    
    <!-- AOP configuration-->
    <aop:config>
        <aop:aspect ref="audience">
            <aop:pointcut expression="execution(* competitors.Competitor.execute(..))" id="show" />
            <aop:before pointcut-ref="show" method="sit" />
            <aop:before pointcut-ref="show" method="turnOffCells"/>
            <aop:after-returning pointcut-ref="show" method="clap" />
            <aop:after-throwing pointcut-ref="show" method="refund"/>
        </aop:aspect>
    </aop:config>

	
    <!-- change of instrument -->
    <bean id="saxophonist" class="competitors.Musician">
        <property name="song" value="Equinox"/>
        <!-- inner bean -->
        <property name="instrument">
            <bean class="competitors.Saxophone"/>
        </property>
    </bean>

</beans>
