<?xml version = "1.0" encoding = "UTF-8"?>
<beans xmlns = "http://www.springframework.org/schema/beans"
       xmlns:xsi = "http://www.w3.org/2001/XMLSchema-instance"
       xmlns:context="http://www.springframework.org/schema/context"
       xmlns:aop="http://www.springframework.org/schema/aop"
       xsi:schemaLocation = 
       "http://www.springframework.org/schema/beans
        http://www.springframework.org/schema/beans/spring-beans.xsd
        http://www.springframework.org/schema/context
        http://www.springframework.org/schema/context/spring-context.xsd
        http://www.springframework.org/schema/aop 
        http://www.springframework.org/schema/aop/spring-aop.xsd">

    
    <!-- configuration of the AOP target Proxy -->
    <aop:aspectj-autoproxy proxy-target-class="true"/>
    
    <context:component-scan base-package="competitors" />
	
    <!-- change of instrument -->
    <bean id="saxophonist" class="competitors.Musician">
        <property name="song" value="Equinox"/>
        <!-- inner bean -->
        <property name="instrument">
            <bean class="competitors.Saxophone"/>
        </property>
    </bean>

</beans>
