<?xml version="1.0" encoding="UTF-8"?>
<faces-config
    xmlns="http://xmlns.jcp.org/xml/ns/javaee"
    xmlns:xsi="http://www.w3.org/2001/XMLSchema-instance"
    xsi:schemaLocation="http://xmlns.jcp.org/xml/ns/javaee http://xmlns.jcp.org/xml/ns/javaee/web-facesconfig_2_3.xsd"
    version="2.3">
    
    <lifecycle>
        <phase-listener>
            beans.lifecycle.DebuggerListener
        </phase-listener>
    </lifecycle>
    <application>
        <locale-config>
            <default-locale>en</default-locale>
        </locale-config>
        <!--form labels-->
        <resource-bundle>
            <!--No need to add the file extension-->
            <base-name>messages</base-name>
            <var>msgs</var>
        </resource-bundle>
        <!--change validator texts-->
        <message-bundle>jsf</message-bundle>
    </application>
</faces-config>
